{
  "created_utc": "20251029_034654",
  "metrics": {
    "n_train": 11590,
    "n_test": 2898,
    "auc_macro_ovr": 0.5755417728033075,
    "report": {
      "0": {
        "precision": 0.5012787723785166,
        "recall": 0.6753962784286699,
        "f1-score": 0.5754550792718731,
        "support": 1451.0
      },
      "1": {
        "precision": 0.0,
        "recall": 0.0,
        "f1-score": 0.0,
        "support": 17.0
      },
      "2": {
        "precision": 0.49946977730646874,
        "recall": 0.3293706293706294,
        "f1-score": 0.3969658659924147,
        "support": 1430.0
      },
      "accuracy": 0.5006901311249138,
      "macro avg": {
        "precision": 0.3335828498949951,
        "recall": 0.33492230259976646,
        "f1-score": 0.32414031508809593,
        "support": 2898.0
      },
      "weighted avg": {
        "precision": 0.4974455763524768,
        "recall": 0.5006901311249138,
        "f1-score": 0.484005006346667,
        "support": 2898.0
      }
    },
    "class_mapping": {
      "-1": 0,
      "0": 1,
      "1": 2
    },
    "feature_columns": [
      "ema_fast",
      "ema_slow",
      "sma_fast",
      "sma_slow",
      "rsi",
      "atr",
      "atr_pctile",
      "vol_rolling",
      "ema_gap",
      "sma_gap",
      "adx",
      "ret_1",
      "ret_5",
      "ret_15"
    ]
  },
  "feat_params": {
    "ema_fast": 12,
    "ema_slow": 26,
    "sma_fast": 20,
    "sma_slow": 50,
    "rsi_period": 14,
    "atr_period": 14,
    "adx_period": 14,
    "vol_window": 30,
    "atr_pctile_window": 500
  },
  "label_params": {
    "atr_sl": 1.2,
    "atr_tp": 2.0,
    "max_horizon": 200,
    "intrabar_exit": "HL"
  },
  "train_params": {
    "max_depth": 6,
    "n_estimators": 400,
    "learning_rate": 0.05,
    "subsample": 0.8,
    "colsample_bytree": 0.8,
    "reg_lambda": 1.0,
    "reg_alpha": 0.0,
    "gamma": 0.0,
    "weight_neg1": 1.0,
    "weight_zero": 0.5,
    "weight_pos1": 1.0,
    "random_state": 42,
    "test_size": 0.2,
    "time_split": true
  },
  "model_file": "model.json"
}